{
	"animations": [
		{
			"offsets": [
				0,
				0
			],
			"loop": false,
			"fps": 24,
			"anim": "singRIGHT",
			"indices": [],
			"name": "singRIGHT"
		},
		{
			"offsets": [
				0,
				0
			],
			"loop": false,
			"fps": 24,
			"anim": "singLEFT",
			"indices": [],
			"name": "singLEFT"
		},
		{
			"offsets": [
				0,
				0
			],
			"loop": false,
			"fps": 24,
			"anim": "singDOWN",
			"indices": [],
			"name": "singDOWN"
		},
		{
			"offsets": [
				0,
				0
			],
			"loop": false,
			"fps": 24,
			"anim": "singUP",
			"indices": [],
			"name": "singUP"
		},
		{
			"loop": false,
			"offsets": [
				0,
				0
			],
			"anim": "idle",
			"fps": 24,
			"name": "idle",
			"indices": []
		},
		{
			"offsets": [
				0,
				0
			],
			"loop": false,
			"fps": 24,
			"anim": "singRIGHT-alt",
			"indices": [],
			"name": "altRIGHT"
		},
		{
			"offsets": [
				50,
				0
			],
			"loop": false,
			"fps": 24,
			"anim": "singLEFT-alt",
			"indices": [],
			"name": "altLEFT"
		},
		{
			"offsets": [
				0,
				0
			],
			"loop": false,
			"fps": 24,
			"anim": "singDOWN-alt",
			"indices": [],
			"name": "altDOWN"
		},
		{
			"offsets": [
				0,
				0
			],
			"loop": false,
			"fps": 24,
			"anim": "singUP-alt",
			"indices": [],
			"name": "altUP"
		},
		{
			"offsets": [
				0,
				0
			],
			"loop": false,
			"fps": 30,
			"anim": "laugh",
			"indices": [],
			"name": "laugh"
		}
	],
	"no_antialiasing": false,
	"image": "characters/Examorph",
	"position": [
		100,
		145
	],
	"healthicon": "exa",
	"flip_x": false,
	"healthbar_colors": [
		44,
		18,
		124
	],
	"camera_position": [
		-11,
		64
	],
	"sing_duration": 4,
	"scale": 1
}