{
	"animations": [
		{
			"offsets": [
				0,
				0
			],
			"loop": false,
			"fps": 24,
			"anim": "singRIGHT",
			"indices": [],
			"name": "singRIGHT"
		},
		{
			"offsets": [
				0,
				0
			],
			"loop": false,
			"fps": 24,
			"anim": "singLEFT",
			"indices": [],
			"name": "singLEFT"
		},
		{
			"offsets": [
				0,
				0
			],
			"loop": false,
			"fps": 24,
			"anim": "singDOWN",
			"indices": [],
			"name": "singDOWN"
		},
		{
			"offsets": [
				0,
				0
			],
			"loop": false,
			"fps": 24,
			"anim": "singUP",
			"indices": [],
			"name": "singUP"
		},
		{
			"offsets": [
				0,
				0
			],
			"loop": false,
			"fps": 24,
			"anim": "laugh",
			"indices": [],
			"name": "laugh"
		},
		{
			"offsets": [
				0,
				0
			],
			"loop": true,
			"fps": 24,
			"anim": "singDOWN-alt",
			"indices": [],
			"name": "zDown"
		},
		{
			"loop": false,
			"offsets": [
				0,
				0
			],
			"anim": "EXA",
			"fps": 24,
			"name": "altLaugh",
			"indices": []
		},
		{
			"loop": false,
			"offsets": [
				0,
				0
			],
			"anim": "idle",
			"fps": 24,
			"name": "idle",
			"indices": []
		}
	],
	"no_antialiasing": false,
	"image": "characters/Faker",
	"position": [
		0,
		145
	],
	"healthicon": "fakesonic",
	"flip_x": false,
	"healthbar_colors": [
		0,
		136,
		217
	],
	"camera_position": [
		-11,
		70
	],
	"sing_duration": 4,
	"scale": 1
}