<?xml version='1.0' encoding='utf-8'?>
<TextureAtlas imagePath="Examorph.png">
<SubTexture name="laugh0000" x="551" y="1850" width="553" height="579" frameX="-35" frameY="-134" frameWidth="750" frameHeight="750" />
<SubTexture name="laugh0001" x="551" y="1850" width="553" height="579" frameX="-35" frameY="-134" frameWidth="750" frameHeight="750" />
<SubTexture name="laugh0002" x="0" y="1850" width="551" height="580" frameX="-33" frameY="-133" frameWidth="750" frameHeight="750" />
<SubTexture name="laugh0003" x="0" y="1850" width="551" height="580" frameX="-33" frameY="-133" frameWidth="750" frameHeight="750" />
<SubTexture name="laugh0004" x="1928" y="0" width="545" height="581" frameX="-38" frameY="-132" frameWidth="750" frameHeight="750" />
<SubTexture name="laugh0005" x="1928" y="0" width="545" height="581" frameX="-38" frameY="-132" frameWidth="750" frameHeight="750" />
<SubTexture name="laugh0006" x="1928" y="581" width="540" height="581" frameX="-42" frameY="-132" frameWidth="750" frameHeight="750" />
<SubTexture name="laugh0007" x="1928" y="581" width="540" height="581" frameX="-42" frameY="-132" frameWidth="750" frameHeight="750" />
<SubTexture name="laugh0008" x="450" y="1256" width="532" height="583" frameX="-48" frameY="-130" frameWidth="750" frameHeight="750" />
<SubTexture name="laugh0009" x="450" y="1256" width="532" height="583" frameX="-48" frameY="-130" frameWidth="750" frameHeight="750" />
<SubTexture name="laugh0010" x="450" y="1256" width="532" height="583" frameX="-48" frameY="-130" frameWidth="750" frameHeight="750" />
<SubTexture name="laugh0011" x="450" y="1256" width="532" height="583" frameX="-48" frameY="-130" frameWidth="750" frameHeight="750" />
<SubTexture name="laugh0012" x="450" y="1256" width="532" height="583" frameX="-48" frameY="-130" frameWidth="750" frameHeight="750" />
<SubTexture name="singDOWN0000" x="2646" y="2430" width="587" height="546" frameX="-40" frameY="-166" frameWidth="750" frameHeight="750" />
<SubTexture name="singDOWN0001" x="2646" y="2430" width="587" height="546" frameX="-40" frameY="-166" frameWidth="750" frameHeight="750" />
<SubTexture name="singDOWN0002" x="2064" y="2430" width="582" height="547" frameX="-43" frameY="-164" frameWidth="750" frameHeight="750" />
<SubTexture name="singDOWN0003" x="2064" y="2430" width="582" height="547" frameX="-43" frameY="-164" frameWidth="750" frameHeight="750" />
<SubTexture name="singDOWN0004" x="994" y="2430" width="578" height="550" frameX="-45" frameY="-161" frameWidth="750" frameHeight="750" />
<SubTexture name="singDOWN0005" x="994" y="2430" width="578" height="550" frameX="-45" frameY="-161" frameWidth="750" frameHeight="750" />
<SubTexture name="altDOWN0000" x="0" y="2991" width="462" height="485" frameX="-144" frameY="-225" frameWidth="750" frameHeight="750" />
<SubTexture name="altDOWN0001" x="0" y="2991" width="462" height="485" frameX="-144" frameY="-225" frameWidth="750" frameHeight="750" />
<SubTexture name="altDOWN0002" x="2473" y="1604" width="450" height="489" frameX="-147" frameY="-220" frameWidth="750" frameHeight="750" />
<SubTexture name="altDOWN0003" x="2473" y="1604" width="450" height="489" frameX="-147" frameY="-220" frameWidth="750" frameHeight="750" />
<SubTexture name="altDOWN0004" x="2473" y="1109" width="443" height="495" frameX="-149" frameY="-214" frameWidth="750" frameHeight="750" />
<SubTexture name="altDOWN0005" x="2473" y="1109" width="443" height="495" frameX="-149" frameY="-214" frameWidth="750" frameHeight="750" />
<SubTexture name="singLEFT0000" x="982" y="1256" width="445" height="583" frameX="-42" frameY="-127" frameWidth="750" frameHeight="750" />
<SubTexture name="singLEFT0001" x="982" y="1256" width="445" height="583" frameX="-42" frameY="-127" frameWidth="750" frameHeight="750" />
<SubTexture name="singLEFT0002" x="1928" y="1162" width="441" height="579" frameX="-47" frameY="-131" frameWidth="750" frameHeight="750" />
<SubTexture name="singLEFT0003" x="1928" y="1162" width="441" height="579" frameX="-47" frameY="-131" frameWidth="750" frameHeight="750" />
<SubTexture name="singLEFT0004" x="1427" y="1256" width="436" height="579" frameX="-52" frameY="-131" frameWidth="750" frameHeight="750" />
<SubTexture name="singLEFT0005" x="1427" y="1256" width="436" height="579" frameX="-52" frameY="-131" frameWidth="750" frameHeight="750" />
<SubTexture name="altLEFT0000" x="491" y="2430" width="503" height="552" frameX="-67" frameY="-157" frameWidth="750" frameHeight="750" />
<SubTexture name="altLEFT0001" x="491" y="2430" width="503" height="552" frameX="-67" frameY="-157" frameWidth="750" frameHeight="750" />
<SubTexture name="altLEFT0002" x="1572" y="2430" width="492" height="549" frameX="-79" frameY="-160" frameWidth="750" frameHeight="750" />
<SubTexture name="altLEFT0003" x="1572" y="2430" width="492" height="549" frameX="-79" frameY="-160" frameWidth="750" frameHeight="750" />
<SubTexture name="altLEFT0004" x="2473" y="570" width="483" height="539" frameX="-88" frameY="-169" frameWidth="750" frameHeight="750" />
<SubTexture name="altLEFT0005" x="2473" y="570" width="483" height="539" frameX="-88" frameY="-169" frameWidth="750" frameHeight="750" />
<SubTexture name="singRIGHT0000" x="2959" y="0" width="603" height="568" frameX="-67" frameY="-142" frameWidth="750" frameHeight="750" />
<SubTexture name="singRIGHT0001" x="2959" y="0" width="603" height="568" frameX="-67" frameY="-142" frameWidth="750" frameHeight="750" />
<SubTexture name="singRIGHT0002" x="2959" y="1136" width="582" height="565" frameX="-78" frameY="-145" frameWidth="750" frameHeight="750" />
<SubTexture name="singRIGHT0003" x="2959" y="1136" width="582" height="565" frameX="-78" frameY="-145" frameWidth="750" frameHeight="750" />
<SubTexture name="singRIGHT0004" x="1104" y="1850" width="583" height="574" frameX="-67" frameY="-135" frameWidth="750" frameHeight="750" />
<SubTexture name="singRIGHT0005" x="1104" y="1850" width="583" height="574" frameX="-67" frameY="-135" frameWidth="750" frameHeight="750" />
<SubTexture name="altRIGHT0000" x="1493" y="595" width="423" height="591" frameX="-212" frameY="-116" frameWidth="750" frameHeight="750" />
<SubTexture name="altRIGHT0001" x="1493" y="595" width="423" height="591" frameX="-212" frameY="-116" frameWidth="750" frameHeight="750" />
<SubTexture name="altRIGHT0002" x="1493" y="0" width="435" height="595" frameX="-204" frameY="-112" frameWidth="750" frameHeight="750" />
<SubTexture name="altRIGHT0003" x="1493" y="0" width="435" height="595" frameX="-204" frameY="-112" frameWidth="750" frameHeight="750" />
<SubTexture name="altRIGHT0004" x="0" y="1256" width="450" height="594" frameX="-193" frameY="-112" frameWidth="750" frameHeight="750" />
<SubTexture name="altRIGHT0005" x="0" y="1256" width="450" height="594" frameX="-193" frameY="-112" frameWidth="750" frameHeight="750" />
<SubTexture name="singUP0000" x="1023" y="0" width="470" height="628" frameX="-71" frameY="-79" frameWidth="750" frameHeight="750" />
<SubTexture name="singUP0001" x="1023" y="0" width="470" height="628" frameX="-71" frameY="-79" frameWidth="750" frameHeight="750" />
<SubTexture name="singUP0002" x="0" y="634" width="468" height="622" frameX="-68" frameY="-85" frameWidth="750" frameHeight="750" />
<SubTexture name="singUP0003" x="0" y="634" width="468" height="622" frameX="-68" frameY="-85" frameWidth="750" frameHeight="750" />
<SubTexture name="singUP0004" x="468" y="634" width="470" height="622" frameX="-64" frameY="-86" frameWidth="750" frameHeight="750" />
<SubTexture name="singUP0005" x="468" y="634" width="470" height="622" frameX="-64" frameY="-86" frameWidth="750" frameHeight="750" />
<SubTexture name="altUP0000" x="0" y="0" width="508" height="634" frameX="-103" frameY="-72" frameWidth="750" frameHeight="750" />
<SubTexture name="altUP0001" x="0" y="0" width="508" height="634" frameX="-103" frameY="-72" frameWidth="750" frameHeight="750" />
<SubTexture name="altUP0002" x="508" y="0" width="515" height="631" frameX="-103" frameY="-75" frameWidth="750" frameHeight="750" />
<SubTexture name="altUP0003" x="508" y="0" width="515" height="631" frameX="-103" frameY="-75" frameWidth="750" frameHeight="750" />
<SubTexture name="altUP0004" x="938" y="634" width="514" height="619" frameX="-103" frameY="-88" frameWidth="750" frameHeight="750" />
<SubTexture name="altUP0005" x="938" y="634" width="514" height="619" frameX="-103" frameY="-88" frameWidth="750" frameHeight="750" />
<SubTexture name="idle0000" x="1687" y="1850" width="481" height="574" frameX="-67" frameY="-134" frameWidth="750" frameHeight="750" />
<SubTexture name="idle0001" x="0" y="2430" width="491" height="561" frameX="-73" frameY="-148" frameWidth="750" frameHeight="750" />
<SubTexture name="idle0002" x="0" y="2430" width="491" height="561" frameX="-73" frameY="-148" frameWidth="750" frameHeight="750" />
<SubTexture name="idle0003" x="2959" y="1701" width="502" height="565" frameX="-67" frameY="-144" frameWidth="750" frameHeight="750" />
<SubTexture name="idle0004" x="2959" y="1701" width="502" height="565" frameX="-67" frameY="-144" frameWidth="750" frameHeight="750" />
<SubTexture name="idle0005" x="2959" y="568" width="491" height="568" frameX="-71" frameY="-141" frameWidth="750" frameHeight="750" />
<SubTexture name="idle0006" x="2959" y="568" width="491" height="568" frameX="-71" frameY="-141" frameWidth="750" frameHeight="750" />
<SubTexture name="idle0007" x="2473" y="0" width="486" height="570" frameX="-68" frameY="-138" frameWidth="750" frameHeight="750" />
<SubTexture name="idle0008" x="2473" y="0" width="486" height="570" frameX="-68" frameY="-138" frameWidth="750" frameHeight="750" />
<SubTexture name="idle0009" x="1687" y="1850" width="481" height="574" frameX="-67" frameY="-134" frameWidth="750" frameHeight="750" />
</TextureAtlas>
