<?xml version='1.0' encoding='utf-8'?>
<TextureAtlas imagePath="Faker.png">
<SubTexture name="idle0000" x="2111" y="0" width="405" height="551" frameX="-240" frameY="-157" frameWidth="750" frameHeight="750" />
<SubTexture name="idle0001" x="895" y="2236" width="415" height="541" frameX="-224" frameY="-168" frameWidth="750" frameHeight="750" />
<SubTexture name="idle0002" x="895" y="2236" width="415" height="541" frameX="-224" frameY="-168" frameWidth="750" frameHeight="750" />
<SubTexture name="idle0003" x="1310" y="2236" width="420" height="540" frameX="-224" frameY="-169" frameWidth="750" frameHeight="750" />
<SubTexture name="idle0004" x="1310" y="2236" width="420" height="540" frameX="-224" frameY="-169" frameWidth="750" frameHeight="750" />
<SubTexture name="idle0005" x="483" y="2236" width="412" height="543" frameX="-231" frameY="-165" frameWidth="750" frameHeight="750" />
<SubTexture name="idle0006" x="483" y="2236" width="412" height="543" frameX="-231" frameY="-165" frameWidth="750" frameHeight="750" />
<SubTexture name="idle0007" x="2516" y="0" width="408" height="547" frameX="-237" frameY="-161" frameWidth="750" frameHeight="750" />
<SubTexture name="idle0008" x="2516" y="0" width="408" height="547" frameX="-237" frameY="-161" frameWidth="750" frameHeight="750" />
<SubTexture name="idle0009" x="2111" y="0" width="405" height="551" frameX="-240" frameY="-157" frameWidth="750" frameHeight="750" />
<SubTexture name="singLEFT0000" x="0" y="1685" width="417" height="551" frameX="-207" frameY="-157" frameWidth="750" frameHeight="750" />
<SubTexture name="singLEFT0001" x="0" y="1685" width="417" height="551" frameX="-207" frameY="-157" frameWidth="750" frameHeight="750" />
<SubTexture name="singLEFT0002" x="825" y="1685" width="426" height="550" frameX="-219" frameY="-158" frameWidth="750" frameHeight="750" />
<SubTexture name="singLEFT0003" x="825" y="1685" width="426" height="550" frameX="-219" frameY="-158" frameWidth="750" frameHeight="750" />
<SubTexture name="singLEFT0004" x="861" y="1132" width="410" height="552" frameX="-226" frameY="-156" frameWidth="750" frameHeight="750" />
<SubTexture name="singLEFT0005" x="861" y="1132" width="410" height="552" frameX="-226" frameY="-156" frameWidth="750" frameHeight="750" />
<SubTexture name="singDOWN0000" x="2150" y="2236" width="426" height="530" frameX="-219" frameY="-178" frameWidth="750" frameHeight="750" />
<SubTexture name="singDOWN0001" x="2150" y="2236" width="426" height="530" frameX="-219" frameY="-178" frameWidth="750" frameHeight="750" />
<SubTexture name="singDOWN0002" x="1730" y="2236" width="420" height="538" frameX="-225" frameY="-171" frameWidth="750" frameHeight="750" />
<SubTexture name="singDOWN0003" x="1730" y="2236" width="420" height="538" frameX="-225" frameY="-171" frameWidth="750" frameHeight="750" />
<SubTexture name="singDOWN0004" x="2516" y="547" width="332" height="545" frameX="-233" frameY="-164" frameWidth="750" frameHeight="750" />
<SubTexture name="singDOWN0005" x="2516" y="547" width="332" height="545" frameX="-233" frameY="-164" frameWidth="750" frameHeight="750" />
<SubTexture name="singRIGHT0000" x="2111" y="551" width="404" height="551" frameX="-241" frameY="-157" frameWidth="750" frameHeight="750" />
<SubTexture name="singRIGHT0001" x="2111" y="551" width="404" height="551" frameX="-241" frameY="-157" frameWidth="750" frameHeight="750" />
<SubTexture name="singRIGHT0002" x="1271" y="1132" width="403" height="552" frameX="-242" frameY="-156" frameWidth="750" frameHeight="750" />
<SubTexture name="singRIGHT0003" x="1271" y="1132" width="403" height="552" frameX="-242" frameY="-156" frameWidth="750" frameHeight="750" />
<SubTexture name="singRIGHT0004" x="417" y="1685" width="408" height="551" frameX="-242" frameY="-157" frameWidth="750" frameHeight="750" />
<SubTexture name="singRIGHT0005" x="417" y="1685" width="408" height="551" frameX="-242" frameY="-157" frameWidth="750" frameHeight="750" />
<SubTexture name="singUP0000" x="450" y="0" width="404" height="566" frameX="-248" frameY="-142" frameWidth="750" frameHeight="750" />
<SubTexture name="singUP0001" x="450" y="0" width="404" height="566" frameX="-248" frameY="-142" frameWidth="750" frameHeight="750" />
<SubTexture name="singUP0002" x="0" y="571" width="397" height="561" frameX="-248" frameY="-147" frameWidth="750" frameHeight="750" />
<SubTexture name="singUP0003" x="0" y="571" width="397" height="561" frameX="-248" frameY="-147" frameWidth="750" frameHeight="750" />
<SubTexture name="singUP0004" x="1309" y="0" width="402" height="557" frameX="-246" frameY="-151" frameWidth="750" frameHeight="750" />
<SubTexture name="singUP0005" x="1309" y="0" width="402" height="557" frameX="-246" frameY="-151" frameWidth="750" frameHeight="750" />
<SubTexture name="laugh0000" x="0" y="1132" width="400" height="553" frameX="-246" frameY="-155" frameWidth="750" frameHeight="750" />
<SubTexture name="laugh0001" x="0" y="1132" width="400" height="553" frameX="-246" frameY="-155" frameWidth="750" frameHeight="750" />
<SubTexture name="laugh0002" x="397" y="571" width="398" height="558" frameX="-247" frameY="-150" frameWidth="750" frameHeight="750" />
<SubTexture name="laugh0003" x="397" y="571" width="398" height="558" frameX="-247" frameY="-150" frameWidth="750" frameHeight="750" />
<SubTexture name="laugh0004" x="1309" y="557" width="399" height="554" frameX="-246" frameY="-154" frameWidth="750" frameHeight="750" />
<SubTexture name="laugh0005" x="1309" y="557" width="399" height="554" frameX="-246" frameY="-154" frameWidth="750" frameHeight="750" />
<SubTexture name="laugh0006" x="1711" y="0" width="400" height="552" frameX="-245" frameY="-156" frameWidth="750" frameHeight="750" />
<SubTexture name="laugh0007" x="1711" y="0" width="400" height="552" frameX="-245" frameY="-156" frameWidth="750" frameHeight="750" />
<SubTexture name="laugh0008" x="1711" y="0" width="400" height="552" frameX="-245" frameY="-156" frameWidth="750" frameHeight="750" />
<SubTexture name="laugh0009" x="1711" y="0" width="400" height="552" frameX="-245" frameY="-156" frameWidth="750" frameHeight="750" />
<SubTexture name="laugh0010" x="1711" y="0" width="400" height="552" frameX="-245" frameY="-156" frameWidth="750" frameHeight="750" />
<SubTexture name="laugh0011" x="1711" y="0" width="400" height="552" frameX="-245" frameY="-156" frameWidth="750" frameHeight="750" />
<SubTexture name="zDown0000" x="0" y="2236" width="483" height="547" frameX="-162" frameY="-162" frameWidth="750" frameHeight="750" />
<SubTexture name="zDown0001" x="0" y="2236" width="483" height="547" frameX="-162" frameY="-162" frameWidth="750" frameHeight="750" />
<SubTexture name="zDown0002" x="1251" y="1685" width="472" height="549" frameX="-173" frameY="-160" frameWidth="750" frameHeight="750" />
<SubTexture name="zDown0003" x="1251" y="1685" width="472" height="549" frameX="-173" frameY="-160" frameWidth="750" frameHeight="750" />
<SubTexture name="zDown0004" x="1723" y="1685" width="471" height="548" frameX="-174" frameY="-160" frameWidth="750" frameHeight="750" />
<SubTexture name="zDown0005" x="1723" y="1685" width="471" height="548" frameX="-174" frameY="-160" frameWidth="750" frameHeight="750" />
<SubTexture name="zDown0006" x="1723" y="1685" width="471" height="548" frameX="-174" frameY="-160" frameWidth="750" frameHeight="750" />
<SubTexture name="zDown0007" x="1723" y="1685" width="471" height="548" frameX="-174" frameY="-160" frameWidth="750" frameHeight="750" />
<SubTexture name="altLaugh0000" x="854" y="0" width="455" height="562" frameX="-190" frameY="-146" frameWidth="750" frameHeight="750" />
<SubTexture name="altLaugh0001" x="854" y="0" width="455" height="562" frameX="-190" frameY="-146" frameWidth="750" frameHeight="750" />
<SubTexture name="altLaugh0002" x="0" y="0" width="450" height="571" frameX="-194" frameY="-137" frameWidth="750" frameHeight="750" />
<SubTexture name="altLaugh0003" x="0" y="0" width="450" height="571" frameX="-194" frameY="-137" frameWidth="750" frameHeight="750" />
<SubTexture name="altLaugh0004" x="795" y="571" width="454" height="558" frameX="-187" frameY="-150" frameWidth="750" frameHeight="750" />
<SubTexture name="altLaugh0005" x="795" y="571" width="454" height="558" frameX="-187" frameY="-150" frameWidth="750" frameHeight="750" />
<SubTexture name="altLaugh0006" x="400" y="1132" width="461" height="553" frameX="-184" frameY="-156" frameWidth="750" frameHeight="750" />
<SubTexture name="altLaugh0007" x="400" y="1132" width="461" height="553" frameX="-184" frameY="-156" frameWidth="750" frameHeight="750" />
<SubTexture name="altLaugh0008" x="400" y="1132" width="461" height="553" frameX="-184" frameY="-156" frameWidth="750" frameHeight="750" />
<SubTexture name="altLaugh0009" x="400" y="1132" width="461" height="553" frameX="-184" frameY="-156" frameWidth="750" frameHeight="750" />
<SubTexture name="altLaugh0010" x="400" y="1132" width="461" height="553" frameX="-184" frameY="-156" frameWidth="750" frameHeight="750" />
<SubTexture name="altLaugh0011" x="400" y="1132" width="461" height="553" frameX="-184" frameY="-156" frameWidth="750" frameHeight="750" />
</TextureAtlas>
